1,item_1_1.jpg,1
2,item_1_2.jpg,1
3,item_1_3.jpg,1
4,item_1_4.jpg,1
5,item_1_5.jpg,1
6,item_1_6.jpg,1
7,item_1_7.jpg,1
8,item_1_8.jpg,1
9,item_1_9.jpg,1
10,item_1_10.jpg,1
11,item_2_1.jpg,2
12,item_2_2.jpg,2
13,item_2_3.jpg,2
14,item_2_4.jpg,2
15,item_2_5.jpg,2
16,item_3_1.jpg,3
17,item_3_2.jpg,3
18,item_3_3.jpg,3
19,item_3_4.jpg,3
20,item_3_5.jpg,3
21,item_3_6.jpg,3
22,item_4_1.jpg,4
23,item_5_1.jpg,5
24,item_6_1.jpg,6
25,item_7_1.jpg,7
26,item_7_2.jpg,7
27,item_7_3.jpg,7
28,item_8_1.jpg,8
29,item_9_1.jpg,9
30,item_9_2.jpg,9
31,item_9_3.jpg,9
32,item_9_4.jpg,9
33,item_7_1.jpg,10
34,item_7_2.jpg,10
35,item_7_3.jpg,10
36,item_8_1.jpg,10
37,item_9_1.jpg,10
38,item_9_2.jpg,10
39,item_9_3.jpg,10
40,item_9_4.jpg,10
41,item_10_1.jpg,10